type,issue,evidence,risk_band,recommended_action,expected_business_benefit,urgency,supporting_metrics
Inventory Replenishment,SKU-00059 at New Jessica Distribution Center has a 80% probability of stockout next week (Critical risk).,Inventory coverage declined from 2.9 to 0.0 days of supply.; Late deliveries for this product-warehouse rose from 3 to 5 orders over the last 4 weeks.; Stockout-flagged orders increased from 1 to 2 in the same comparison window.,Critical,Trigger immediate replenishment order and review reorder point for this SKU-warehouse pair.,"Avoid an estimated ₹2,622 in at-risk revenue if the stockout materializes as forecast.",Immediate,"{'stockout_probability': 0.802, 'sku': 'SKU-00059', 'warehouse': 'New Jessica Distribution Center'}"
Inventory Replenishment,SKU-00074 at North Noahstad Distribution Center has a 82% probability of stockout next week (Critical risk).,"Demand decreased 35% (4464 -> 2920 units/week, trailing 4wk vs prior 4wk).",Critical,Trigger immediate replenishment order and review reorder point for this SKU-warehouse pair.,"Avoid an estimated ₹1,369 in at-risk revenue if the stockout materializes as forecast.",Immediate,"{'stockout_probability': 0.818, 'sku': 'SKU-00074', 'warehouse': 'North Noahstad Distribution Center'}"
Inventory Replenishment,SKU-00074 at West Michael Distribution Center has a 80% probability of stockout next week (Critical risk).,"Demand decreased 94% (30702 -> 1823 units/week, trailing 4wk vs prior 4wk).; Inventory coverage declined from 4.1 to 0.0 days of supply.",Critical,Trigger immediate replenishment order and review reorder point for this SKU-warehouse pair.,"Avoid an estimated ₹1,335 in at-risk revenue if the stockout materializes as forecast.",Immediate,"{'stockout_probability': 0.802, 'sku': 'SKU-00074', 'warehouse': 'West Michael Distribution Center'}"
Inventory Replenishment,SKU-00001 at New Roberttown Distribution Center has a 58% probability of stockout next week (High risk).,"Demand decreased 16% (1040 -> 876 units/week, trailing 4wk vs prior 4wk).; Late deliveries for this product-warehouse rose from 1 to 4 orders over the last 4 weeks.",High,Trigger immediate replenishment order and review reorder point for this SKU-warehouse pair.,"Avoid an estimated ₹1,710 in at-risk revenue if the stockout materializes as forecast.",This week,"{'stockout_probability': 0.584, 'sku': 'SKU-00001', 'warehouse': 'New Roberttown Distribution Center'}"
Inventory Replenishment,SKU-00001 at Cassandraton Distribution Center has a 62% probability of stockout next week (High risk).,"Demand decreased 21% (2485 -> 1959 units/week, trailing 4wk vs prior 4wk).",High,Trigger immediate replenishment order and review reorder point for this SKU-warehouse pair.,"Avoid an estimated ₹1,827 in at-risk revenue if the stockout materializes as forecast.",This week,"{'stockout_probability': 0.62, 'sku': 'SKU-00001', 'warehouse': 'Cassandraton Distribution Center'}"
Inventory Replenishment,SKU-00001 at New Kellystad Distribution Center has a 51% probability of stockout next week (High risk).,"Demand decreased 13% (665 -> 578 units/week, trailing 4wk vs prior 4wk).; Late deliveries for this product-warehouse rose from 1 to 2 orders over the last 4 weeks.",High,Trigger immediate replenishment order and review reorder point for this SKU-warehouse pair.,"Avoid an estimated ₹1,533 in at-risk revenue if the stockout materializes as forecast.",This week,"{'stockout_probability': 0.511, 'sku': 'SKU-00001', 'warehouse': 'New Kellystad Distribution Center'}"
Inventory Replenishment,SKU-00001 at Lake Chad Distribution Center has a 52% probability of stockout next week (High risk).,"Demand decreased 19% (2368 -> 1913 units/week, trailing 4wk vs prior 4wk).; Inventory coverage declined from 18.4 to 15.0 days of supply.",High,Trigger immediate replenishment order and review reorder point for this SKU-warehouse pair.,"Avoid an estimated ₹1,533 in at-risk revenue if the stockout materializes as forecast.",This week,"{'stockout_probability': 0.52, 'sku': 'SKU-00001', 'warehouse': 'Lake Chad Distribution Center'}"
Inventory Replenishment,SKU-00002 at Robinsonshire Distribution Center has a 61% probability of stockout next week (High risk).,"Demand increased 147% (1180 -> 2918 units/week, trailing 4wk vs prior 4wk).; Inventory coverage declined from 5.4 to 4.1 days of supply.; Late deliveries for this product-warehouse rose from 1 to 9 orders over the last 4 weeks.; Stockout-flagged orders increased from 0 to 2 in the same comparison window.",High,Trigger immediate replenishment order and review reorder point for this SKU-warehouse pair.,Avoid an estimated ₹263 in at-risk revenue if the stockout materializes as forecast.,This week,"{'stockout_probability': 0.612, 'sku': 'SKU-00002', 'warehouse': 'Robinsonshire Distribution Center'}"
Inventory Replenishment,SKU-00002 at Lake Roberto Distribution Center has a 74% probability of stockout next week (High risk).,"Demand decreased 18% (1439 -> 1176 units/week, trailing 4wk vs prior 4wk).; Inventory coverage declined from 10.6 to 7.9 days of supply.; Late deliveries for this product-warehouse rose from 2 to 3 orders over the last 4 weeks.; Stockout-flagged orders increased from 0 to 1 in the same comparison window.",High,Trigger immediate replenishment order and review reorder point for this SKU-warehouse pair.,Avoid an estimated ₹313 in at-risk revenue if the stockout materializes as forecast.,This week,"{'stockout_probability': 0.739, 'sku': 'SKU-00002', 'warehouse': 'Lake Roberto Distribution Center'}"
Inventory Replenishment,SKU-00002 at Ericmouth Distribution Center has a 64% probability of stockout next week (High risk).,"Demand decreased 31% (2618 -> 1819 units/week, trailing 4wk vs prior 4wk).; Late deliveries for this product-warehouse rose from 3 to 4 orders over the last 4 weeks.; Stockout-flagged orders increased from 1 to 2 in the same comparison window.",High,Trigger immediate replenishment order and review reorder point for this SKU-warehouse pair.,Avoid an estimated ₹271 in at-risk revenue if the stockout materializes as forecast.,This week,"{'stockout_probability': 0.637, 'sku': 'SKU-00002', 'warehouse': 'Ericmouth Distribution Center'}"
Inventory Replenishment,SKU-00002 at Lake Mark Distribution Center has a 58% probability of stockout next week (High risk).,"Demand decreased 18% (2022 -> 1650 units/week, trailing 4wk vs prior 4wk).",High,Trigger immediate replenishment order and review reorder point for this SKU-warehouse pair.,Avoid an estimated ₹246 in at-risk revenue if the stockout materializes as forecast.,This week,"{'stockout_probability': 0.58, 'sku': 'SKU-00002', 'warehouse': 'Lake Mark Distribution Center'}"
Inventory Replenishment,SKU-00006 at Lisatown Distribution Center has a 60% probability of stockout next week (High risk).,"Demand decreased 31% (1866 -> 1280 units/week, trailing 4wk vs prior 4wk).; Inventory coverage declined from 3.5 to 2.6 days of supply.",High,Trigger immediate replenishment order and review reorder point for this SKU-warehouse pair.,Avoid an estimated ₹736 in at-risk revenue if the stockout materializes as forecast.,This week,"{'stockout_probability': 0.6, 'sku': 'SKU-00006', 'warehouse': 'Lisatown Distribution Center'}"
Inventory Replenishment,SKU-00006 at Cassandraton Distribution Center has a 61% probability of stockout next week (High risk).,"Demand increased 66% (1237 -> 2060 units/week, trailing 4wk vs prior 4wk).; Inventory coverage improved from 0.3 to 1.0 days of supply.",High,Trigger immediate replenishment order and review reorder point for this SKU-warehouse pair.,Avoid an estimated ₹761 in at-risk revenue if the stockout materializes as forecast.,This week,"{'stockout_probability': 0.612, 'sku': 'SKU-00006', 'warehouse': 'Cassandraton Distribution Center'}"
Inventory Replenishment,SKU-00006 at Lake Mark Distribution Center has a 65% probability of stockout next week (High risk).,"Demand increased 109% (1635 -> 3418 units/week, trailing 4wk vs prior 4wk).; Inventory coverage improved from 0.1 to 1.4 days of supply.; Late deliveries for this product-warehouse rose from 1 to 7 orders over the last 4 weeks.; Stockout-flagged orders increased from 1 to 3 in the same comparison window.",High,Trigger immediate replenishment order and review reorder point for this SKU-warehouse pair.,Avoid an estimated ₹786 in at-risk revenue if the stockout materializes as forecast.,This week,"{'stockout_probability': 0.646, 'sku': 'SKU-00006', 'warehouse': 'Lake Mark Distribution Center'}"
Inventory Replenishment,SKU-00011 at Herrerafurt Distribution Center has a 70% probability of stockout next week (High risk).,"Demand increased 26% (1830 -> 2306 units/week, trailing 4wk vs prior 4wk).; Inventory coverage declined from 2.3 to 1.7 days of supply.",High,Trigger immediate replenishment order and review reorder point for this SKU-warehouse pair.,Avoid an estimated ₹423 in at-risk revenue if the stockout materializes as forecast.,This week,"{'stockout_probability': 0.698, 'sku': 'SKU-00011', 'warehouse': 'Herrerafurt Distribution Center'}"
Inventory Replenishment,SKU-00011 at Lake Chad Distribution Center has a 60% probability of stockout next week (High risk).,"Demand increased 22% (2070 -> 2530 units/week, trailing 4wk vs prior 4wk).",High,Trigger immediate replenishment order and review reorder point for this SKU-warehouse pair.,Avoid an estimated ₹363 in at-risk revenue if the stockout materializes as forecast.,This week,"{'stockout_probability': 0.603, 'sku': 'SKU-00011', 'warehouse': 'Lake Chad Distribution Center'}"
Inventory Replenishment,SKU-00011 at Jacquelineland Distribution Center has a 61% probability of stockout next week (High risk).,"Demand decreased 28% (1472 -> 1058 units/week, trailing 4wk vs prior 4wk).; Inventory coverage declined from 7.7 to 3.5 days of supply.",High,Trigger immediate replenishment order and review reorder point for this SKU-warehouse pair.,Avoid an estimated ₹363 in at-risk revenue if the stockout materializes as forecast.,This week,"{'stockout_probability': 0.61, 'sku': 'SKU-00011', 'warehouse': 'Jacquelineland Distribution Center'}"
Inventory Replenishment,SKU-00012 at Lake Debra Distribution Center has a 54% probability of stockout next week (High risk).,Inventory coverage declined from 10.3 to 7.7 days of supply.,High,Trigger immediate replenishment order and review reorder point for this SKU-warehouse pair.,"Avoid an estimated ₹1,079 in at-risk revenue if the stockout materializes as forecast.",This week,"{'stockout_probability': 0.537, 'sku': 'SKU-00012', 'warehouse': 'Lake Debra Distribution Center'}"
Inventory Replenishment,SKU-00012 at New Kellystad Distribution Center has a 55% probability of stockout next week (High risk).,Inventory coverage declined from 4.1 to 0.6 days of supply.,High,Trigger immediate replenishment order and review reorder point for this SKU-warehouse pair.,"Avoid an estimated ₹1,079 in at-risk revenue if the stockout materializes as forecast.",This week,"{'stockout_probability': 0.549, 'sku': 'SKU-00012', 'warehouse': 'New Kellystad Distribution Center'}"
Inventory Replenishment,SKU-00012 at South Noah Distribution Center has a 69% probability of stockout next week (High risk).,"Demand decreased 28% (3277 -> 2373 units/week, trailing 4wk vs prior 4wk).; Inventory coverage declined from 11.7 to 7.1 days of supply.; Stockout-flagged orders increased from 0 to 1 in the same comparison window.",High,Trigger immediate replenishment order and review reorder point for this SKU-warehouse pair.,"Avoid an estimated ₹1,359 in at-risk revenue if the stockout materializes as forecast.",This week,"{'stockout_probability': 0.686, 'sku': 'SKU-00012', 'warehouse': 'South Noah Distribution Center'}"
Inventory Replenishment,SKU-00014 at Lake Debra Distribution Center has a 51% probability of stockout next week (High risk).,"Demand increased 64% (112 -> 184 units/week, trailing 4wk vs prior 4wk).; Late deliveries for this product-warehouse rose from 0 to 1 orders over the last 4 weeks.; Stockout-flagged orders increased from 0 to 1 in the same comparison window.",High,Trigger immediate replenishment order and review reorder point for this SKU-warehouse pair.,Avoid an estimated ₹944 in at-risk revenue if the stockout materializes as forecast.,This week,"{'stockout_probability': 0.509, 'sku': 'SKU-00014', 'warehouse': 'Lake Debra Distribution Center'}"
Inventory Replenishment,SKU-00015 at North Judithbury Distribution Center has a 55% probability of stockout next week (High risk).,"Demand decreased 13% (1812 -> 1574 units/week, trailing 4wk vs prior 4wk).",High,Trigger immediate replenishment order and review reorder point for this SKU-warehouse pair.,Avoid an estimated ₹103 in at-risk revenue if the stockout materializes as forecast.,This week,"{'stockout_probability': 0.553, 'sku': 'SKU-00015', 'warehouse': 'North Judithbury Distribution Center'}"
Inventory Replenishment,SKU-00015 at East Jessetown Distribution Center has a 54% probability of stockout next week (High risk).,"Demand decreased 71% (6121 -> 1771 units/week, trailing 4wk vs prior 4wk).; Inventory coverage declined from 29.6 to 4.5 days of supply.",High,Trigger immediate replenishment order and review reorder point for this SKU-warehouse pair.,Avoid an estimated ₹99 in at-risk revenue if the stockout materializes as forecast.,This week,"{'stockout_probability': 0.539, 'sku': 'SKU-00015', 'warehouse': 'East Jessetown Distribution Center'}"
Inventory Replenishment,SKU-00015 at North Noahstad Distribution Center has a 50% probability of stockout next week (High risk).,"Demand increased 25% (2040 -> 2542 units/week, trailing 4wk vs prior 4wk).; Inventory coverage improved from 8.6 to 14.6 days of supply.; Late deliveries for this product-warehouse rose from 3 to 8 orders over the last 4 weeks.; Stockout-flagged orders increased from 2 to 5 in the same comparison window.",High,Trigger immediate replenishment order and review reorder point for this SKU-warehouse pair.,Avoid an estimated ₹92 in at-risk revenue if the stockout materializes as forecast.,This week,"{'stockout_probability': 0.5, 'sku': 'SKU-00015', 'warehouse': 'North Noahstad Distribution Center'}"
Inventory Replenishment,SKU-00015 at Ramirezstad Distribution Center has a 57% probability of stockout next week (High risk).,"Demand increased 48% (1389 -> 2062 units/week, trailing 4wk vs prior 4wk).; Inventory coverage declined from 4.7 to 3.5 days of supply.; Late deliveries for this product-warehouse rose from 2 to 4 orders over the last 4 weeks.; Stockout-flagged orders increased from 1 to 3 in the same comparison window.",High,Trigger immediate replenishment order and review reorder point for this SKU-warehouse pair.,Avoid an estimated ₹106 in at-risk revenue if the stockout materializes as forecast.,This week,"{'stockout_probability': 0.574, 'sku': 'SKU-00015', 'warehouse': 'Ramirezstad Distribution Center'}"
Inventory Replenishment,SKU-00015 at West Michael Distribution Center has a 54% probability of stockout next week (High risk).,"Demand increased 15% (1200 -> 1380 units/week, trailing 4wk vs prior 4wk).; Late deliveries for this product-warehouse rose from 0 to 6 orders over the last 4 weeks.; Stockout-flagged orders increased from 0 to 4 in the same comparison window.",High,Trigger immediate replenishment order and review reorder point for this SKU-warehouse pair.,Avoid an estimated ₹99 in at-risk revenue if the stockout materializes as forecast.,This week,"{'stockout_probability': 0.544, 'sku': 'SKU-00015', 'warehouse': 'West Michael Distribution Center'}"
Inventory Replenishment,SKU-00015 at Jacquelineland Distribution Center has a 76% probability of stockout next week (High risk).,"Demand increased 75% (849 -> 1488 units/week, trailing 4wk vs prior 4wk).; Inventory coverage improved from 12.4 to 14.6 days of supply.; Late deliveries for this product-warehouse rose from 1 to 3 orders over the last 4 weeks.; Stockout-flagged orders increased from 0 to 1 in the same comparison window.",High,Trigger immediate replenishment order and review reorder point for this SKU-warehouse pair.,Avoid an estimated ₹139 in at-risk revenue if the stockout materializes as forecast.,This week,"{'stockout_probability': 0.762, 'sku': 'SKU-00015', 'warehouse': 'Jacquelineland Distribution Center'}"
Inventory Replenishment,SKU-00017 at Robinsonshire Distribution Center has a 51% probability of stockout next week (High risk).,"Demand increased 21% (261 -> 316 units/week, trailing 4wk vs prior 4wk).; Inventory coverage declined from 6.5 to 4.9 days of supply.; Stockout-flagged orders increased from 0 to 1 in the same comparison window.",High,Trigger immediate replenishment order and review reorder point for this SKU-warehouse pair.,Avoid an estimated ₹480 in at-risk revenue if the stockout materializes as forecast.,This week,"{'stockout_probability': 0.509, 'sku': 'SKU-00017', 'warehouse': 'Robinsonshire Distribution Center'}"
Inventory Replenishment,SKU-00017 at Port Keith Distribution Center has a 52% probability of stockout next week (High risk).,"Demand increased 31% (281 -> 368 units/week, trailing 4wk vs prior 4wk).; Inventory coverage declined from 6.5 to 5.5 days of supply.; Late deliveries for this product-warehouse rose from 1 to 4 orders over the last 4 weeks.; Stockout-flagged orders increased from 0 to 1 in the same comparison window.",High,Trigger immediate replenishment order and review reorder point for this SKU-warehouse pair.,Avoid an estimated ₹499 in at-risk revenue if the stockout materializes as forecast.,This week,"{'stockout_probability': 0.515, 'sku': 'SKU-00017', 'warehouse': 'Port Keith Distribution Center'}"
Inventory Replenishment,SKU-00018 at New Roberttown Distribution Center has a 73% probability of stockout next week (High risk).,"Demand increased 31% (1581 -> 2064 units/week, trailing 4wk vs prior 4wk).; Late deliveries for this product-warehouse rose from 1 to 4 orders over the last 4 weeks.; Stockout-flagged orders increased from 0 to 2 in the same comparison window.",High,Trigger immediate replenishment order and review reorder point for this SKU-warehouse pair.,"Avoid an estimated ₹4,218 in at-risk revenue if the stockout materializes as forecast.",This week,"{'stockout_probability': 0.732, 'sku': 'SKU-00018', 'warehouse': 'New Roberttown Distribution Center'}"
Inventory Replenishment,SKU-00018 at East Jessetown Distribution Center has a 51% probability of stockout next week (High risk).,"Demand increased 39% (2112 -> 2936 units/week, trailing 4wk vs prior 4wk).; Inventory coverage improved from 0.1 to 0.6 days of supply.; Late deliveries for this product-warehouse rose from 1 to 3 orders over the last 4 weeks.",High,Trigger immediate replenishment order and review reorder point for this SKU-warehouse pair.,"Avoid an estimated ₹2,964 in at-risk revenue if the stockout materializes as forecast.",This week,"{'stockout_probability': 0.51, 'sku': 'SKU-00018', 'warehouse': 'East Jessetown Distribution Center'}"
Inventory Replenishment,SKU-00018 at Lake Debra Distribution Center has a 63% probability of stockout next week (High risk).,"Demand decreased 32% (2756 -> 1874 units/week, trailing 4wk vs prior 4wk).",High,Trigger immediate replenishment order and review reorder point for this SKU-warehouse pair.,"Avoid an estimated ₹3,534 in at-risk revenue if the stockout materializes as forecast.",This week,"{'stockout_probability': 0.626, 'sku': 'SKU-00018', 'warehouse': 'Lake Debra Distribution Center'}"
Inventory Replenishment,SKU-00018 at South Noah Distribution Center has a 56% probability of stockout next week (High risk).,"Demand increased 25% (3427 -> 4300 units/week, trailing 4wk vs prior 4wk).; Late deliveries for this product-warehouse rose from 2 to 10 orders over the last 4 weeks.; Stockout-flagged orders increased from 1 to 5 in the same comparison window.",High,Trigger immediate replenishment order and review reorder point for this SKU-warehouse pair.,"Avoid an estimated ₹3,192 in at-risk revenue if the stockout materializes as forecast.",This week,"{'stockout_probability': 0.56, 'sku': 'SKU-00018', 'warehouse': 'South Noah Distribution Center'}"
Inventory Replenishment,SKU-00020 at Ericmouth Distribution Center has a 59% probability of stockout next week (High risk).,"Demand decreased 13% (1297 -> 1124 units/week, trailing 4wk vs prior 4wk).",High,Trigger immediate replenishment order and review reorder point for this SKU-warehouse pair.,Avoid an estimated ₹788 in at-risk revenue if the stockout materializes as forecast.,This week,"{'stockout_probability': 0.592, 'sku': 'SKU-00020', 'warehouse': 'Ericmouth Distribution Center'}"
Inventory Replenishment,SKU-00020 at Herrerafurt Distribution Center has a 59% probability of stockout next week (High risk).,"Demand decreased 21% (1486 -> 1174 units/week, trailing 4wk vs prior 4wk).; Late deliveries for this product-warehouse rose from 2 to 3 orders over the last 4 weeks.",High,Trigger immediate replenishment order and review reorder point for this SKU-warehouse pair.,Avoid an estimated ₹788 in at-risk revenue if the stockout materializes as forecast.,This week,"{'stockout_probability': 0.594, 'sku': 'SKU-00020', 'warehouse': 'Herrerafurt Distribution Center'}"
Inventory Replenishment,SKU-00022 at Ericmouth Distribution Center has a 67% probability of stockout next week (High risk).,"Demand decreased 28% (1442 -> 1034 units/week, trailing 4wk vs prior 4wk).",High,Trigger immediate replenishment order and review reorder point for this SKU-warehouse pair.,"Avoid an estimated ₹1,440 in at-risk revenue if the stockout materializes as forecast.",This week,"{'stockout_probability': 0.674, 'sku': 'SKU-00022', 'warehouse': 'Ericmouth Distribution Center'}"
Inventory Replenishment,SKU-00022 at South Noah Distribution Center has a 55% probability of stockout next week (High risk).,"Demand decreased 33% (1638 -> 1096 units/week, trailing 4wk vs prior 4wk).",High,Trigger immediate replenishment order and review reorder point for this SKU-warehouse pair.,"Avoid an estimated ₹1,186 in at-risk revenue if the stockout materializes as forecast.",This week,"{'stockout_probability': 0.554, 'sku': 'SKU-00022', 'warehouse': 'South Noah Distribution Center'}"
Inventory Replenishment,SKU-00022 at Lake Mark Distribution Center has a 74% probability of stockout next week (High risk).,Inventory coverage improved from 0.2 to 1.6 days of supply.,High,Trigger immediate replenishment order and review reorder point for this SKU-warehouse pair.,"Avoid an estimated ₹1,567 in at-risk revenue if the stockout materializes as forecast.",This week,"{'stockout_probability': 0.742, 'sku': 'SKU-00022', 'warehouse': 'Lake Mark Distribution Center'}"
Inventory Replenishment,SKU-00023 at East Jill Distribution Center has a 62% probability of stockout next week (High risk).,"Demand decreased 21% (2088 -> 1650 units/week, trailing 4wk vs prior 4wk).; Inventory coverage improved from 4.7 to 6.3 days of supply.",High,Trigger immediate replenishment order and review reorder point for this SKU-warehouse pair.,"Avoid an estimated ₹4,443 in at-risk revenue if the stockout materializes as forecast.",This week,"{'stockout_probability': 0.616, 'sku': 'SKU-00023', 'warehouse': 'East Jill Distribution Center'}"
Inventory Replenishment,SKU-00023 at Lake Mark Distribution Center has a 56% probability of stockout next week (High risk).,Late deliveries for this product-warehouse rose from 0 to 1 orders over the last 4 weeks.; Stockout-flagged orders increased from 0 to 1 in the same comparison window.,High,Trigger immediate replenishment order and review reorder point for this SKU-warehouse pair.,"Avoid an estimated ₹4,013 in at-risk revenue if the stockout materializes as forecast.",This week,"{'stockout_probability': 0.555, 'sku': 'SKU-00023', 'warehouse': 'Lake Mark Distribution Center'}"
Inventory Replenishment,SKU-00026 at East Jessetown Distribution Center has a 50% probability of stockout next week (High risk).,"Demand increased 16% (926 -> 1073 units/week, trailing 4wk vs prior 4wk).; Stockout-flagged orders increased from 0 to 1 in the same comparison window.",High,Trigger immediate replenishment order and review reorder point for this SKU-warehouse pair.,"Avoid an estimated ₹2,910 in at-risk revenue if the stockout materializes as forecast.",This week,"{'stockout_probability': 0.504, 'sku': 'SKU-00026', 'warehouse': 'East Jessetown Distribution Center'}"
Inventory Replenishment,SKU-00028 at Ramirezstad Distribution Center has a 55% probability of stockout next week (High risk).,"Demand increased 14% (1277 -> 1456 units/week, trailing 4wk vs prior 4wk).; Stockout-flagged orders increased from 0 to 1 in the same comparison window.",High,Trigger immediate replenishment order and review reorder point for this SKU-warehouse pair.,Avoid an estimated ₹789 in at-risk revenue if the stockout materializes as forecast.,This week,"{'stockout_probability': 0.546, 'sku': 'SKU-00028', 'warehouse': 'Ramirezstad Distribution Center'}"
Inventory Replenishment,SKU-00031 at Port Jesseville Distribution Center has a 55% probability of stockout next week (High risk).,Inventory coverage declined from 11.9 to 9.0 days of supply.; Stockout-flagged orders increased from 0 to 1 in the same comparison window.,High,Trigger immediate replenishment order and review reorder point for this SKU-warehouse pair.,"Avoid an estimated ₹7,862 in at-risk revenue if the stockout materializes as forecast.",This week,"{'stockout_probability': 0.551, 'sku': 'SKU-00031', 'warehouse': 'Port Jesseville Distribution Center'}"
Inventory Replenishment,SKU-00031 at South Noah Distribution Center has a 74% probability of stockout next week (High risk).,"Demand increased 24% (1368 -> 1696 units/week, trailing 4wk vs prior 4wk).; Inventory coverage improved from 0.9 to 3.5 days of supply.; Late deliveries for this product-warehouse rose from 1 to 2 orders over the last 4 weeks.",High,Trigger immediate replenishment order and review reorder point for this SKU-warehouse pair.,"Avoid an estimated ₹10,388 in at-risk revenue if the stockout materializes as forecast.",This week,"{'stockout_probability': 0.737, 'sku': 'SKU-00031', 'warehouse': 'South Noah Distribution Center'}"
Inventory Replenishment,SKU-00031 at Lake Mark Distribution Center has a 52% probability of stockout next week (High risk).,Late deliveries for this product-warehouse rose from 4 to 6 orders over the last 4 weeks.,High,Trigger immediate replenishment order and review reorder point for this SKU-warehouse pair.,"Avoid an estimated ₹7,300 in at-risk revenue if the stockout materializes as forecast.",This week,"{'stockout_probability': 0.517, 'sku': 'SKU-00031', 'warehouse': 'Lake Mark Distribution Center'}"
Inventory Replenishment,SKU-00035 at East Jill Distribution Center has a 56% probability of stockout next week (High risk).,"Demand increased 24% (2552 -> 3154 units/week, trailing 4wk vs prior 4wk).; Inventory coverage declined from 4.5 to 3.2 days of supply.",High,Trigger immediate replenishment order and review reorder point for this SKU-warehouse pair.,Avoid an estimated ₹382 in at-risk revenue if the stockout materializes as forecast.,This week,"{'stockout_probability': 0.559, 'sku': 'SKU-00035', 'warehouse': 'East Jill Distribution Center'}"
Inventory Replenishment,SKU-00035 at Herrerafurt Distribution Center has a 65% probability of stockout next week (High risk).,"Demand increased 36% (2088 -> 2831 units/week, trailing 4wk vs prior 4wk).; Inventory coverage declined from 13.7 to 4.3 days of supply.; Stockout-flagged orders increased from 0 to 1 in the same comparison window.",High,Trigger immediate replenishment order and review reorder point for this SKU-warehouse pair.,Avoid an estimated ₹437 in at-risk revenue if the stockout materializes as forecast.,This week,"{'stockout_probability': 0.649, 'sku': 'SKU-00035', 'warehouse': 'Herrerafurt Distribution Center'}"
Inventory Replenishment,SKU-00040 at East Jill Distribution Center has a 52% probability of stockout next week (High risk).,"No material week-over-week deviation found in demand, inventory coverage, or delivery reliability for this product-warehouse in the most recent comparison window.",High,Trigger immediate replenishment order and review reorder point for this SKU-warehouse pair.,"Avoid an estimated ₹13,277 in at-risk revenue if the stockout materializes as forecast.",This week,"{'stockout_probability': 0.524, 'sku': 'SKU-00040', 'warehouse': 'East Jill Distribution Center'}"
Inventory Replenishment,SKU-00040 at East Jessetown Distribution Center has a 65% probability of stockout next week (High risk).,"Demand decreased 27% (2310 -> 1685 units/week, trailing 4wk vs prior 4wk).; Stockout-flagged orders increased from 1 to 2 in the same comparison window.",High,Trigger immediate replenishment order and review reorder point for this SKU-warehouse pair.,"Avoid an estimated ₹16,341 in at-risk revenue if the stockout materializes as forecast.",This week,"{'stockout_probability': 0.648, 'sku': 'SKU-00040', 'warehouse': 'East Jessetown Distribution Center'}"
Inventory Replenishment,SKU-00040 at Robinsonshire Distribution Center has a 75% probability of stockout next week (High risk).,"Demand decreased 27% (1248 -> 907 units/week, trailing 4wk vs prior 4wk).; Stockout-flagged orders increased from 0 to 1 in the same comparison window.",High,Trigger immediate replenishment order and review reorder point for this SKU-warehouse pair.,"Avoid an estimated ₹19,405 in at-risk revenue if the stockout materializes as forecast.",This week,"{'stockout_probability': 0.751, 'sku': 'SKU-00040', 'warehouse': 'Robinsonshire Distribution Center'}"
Inventory Replenishment,SKU-00040 at Herrerafurt Distribution Center has a 64% probability of stockout next week (High risk).,Late deliveries for this product-warehouse rose from 6 to 7 orders over the last 4 weeks.,High,Trigger immediate replenishment order and review reorder point for this SKU-warehouse pair.,"Avoid an estimated ₹16,341 in at-risk revenue if the stockout materializes as forecast.",This week,"{'stockout_probability': 0.641, 'sku': 'SKU-00040', 'warehouse': 'Herrerafurt Distribution Center'}"
Inventory Replenishment,SKU-00045 at East Jessetown Distribution Center has a 57% probability of stockout next week (High risk).,"Demand decreased 23% (1274 -> 986 units/week, trailing 4wk vs prior 4wk).",High,Trigger immediate replenishment order and review reorder point for this SKU-warehouse pair.,Avoid an estimated ₹168 in at-risk revenue if the stockout materializes as forecast.,This week,"{'stockout_probability': 0.573, 'sku': 'SKU-00045', 'warehouse': 'East Jessetown Distribution Center'}"
Inventory Replenishment,SKU-00045 at New Jessica Distribution Center has a 54% probability of stockout next week (High risk).,"Demand decreased 28% (1414 -> 1025 units/week, trailing 4wk vs prior 4wk).; Inventory coverage improved from 2.2 to 3.4 days of supply.; Late deliveries for this product-warehouse rose from 2 to 3 orders over the last 4 weeks.",High,Trigger immediate replenishment order and review reorder point for this SKU-warehouse pair.,Avoid an estimated ₹157 in at-risk revenue if the stockout materializes as forecast.,This week,"{'stockout_probability': 0.539, 'sku': 'SKU-00045', 'warehouse': 'New Jessica Distribution Center'}"
Inventory Replenishment,SKU-00045 at South Noah Distribution Center has a 59% probability of stockout next week (High risk).,"Demand increased 56% (912 -> 1422 units/week, trailing 4wk vs prior 4wk).; Late deliveries for this product-warehouse rose from 2 to 5 orders over the last 4 weeks.; Stockout-flagged orders increased from 0 to 1 in the same comparison window.",High,Trigger immediate replenishment order and review reorder point for this SKU-warehouse pair.,Avoid an estimated ₹174 in at-risk revenue if the stockout materializes as forecast.,This week,"{'stockout_probability': 0.594, 'sku': 'SKU-00045', 'warehouse': 'South Noah Distribution Center'}"
Inventory Replenishment,SKU-00047 at North Noahstad Distribution Center has a 73% probability of stockout next week (High risk).,"No material week-over-week deviation found in demand, inventory coverage, or delivery reliability for this product-warehouse in the most recent comparison window.",High,Trigger immediate replenishment order and review reorder point for this SKU-warehouse pair.,"Avoid an estimated ₹6,523 in at-risk revenue if the stockout materializes as forecast.",This week,"{'stockout_probability': 0.727, 'sku': 'SKU-00047', 'warehouse': 'North Noahstad Distribution Center'}"
Inventory Replenishment,SKU-00047 at West Michael Distribution Center has a 71% probability of stockout next week (High risk).,"Demand increased 25% (1606 -> 2012 units/week, trailing 4wk vs prior 4wk).; Inventory coverage improved from 0.8 to 2.9 days of supply.; Stockout-flagged orders increased from 0 to 1 in the same comparison window.",High,Trigger immediate replenishment order and review reorder point for this SKU-warehouse pair.,"Avoid an estimated ₹6,523 in at-risk revenue if the stockout materializes as forecast.",This week,"{'stockout_probability': 0.71, 'sku': 'SKU-00047', 'warehouse': 'West Michael Distribution Center'}"
Inventory Replenishment,SKU-00047 at New Jessica Distribution Center has a 77% probability of stockout next week (High risk).,"Demand increased 21% (2034 -> 2458 units/week, trailing 4wk vs prior 4wk).; Late deliveries for this product-warehouse rose from 3 to 4 orders over the last 4 weeks.; Stockout-flagged orders increased from 1 to 2 in the same comparison window.",High,Trigger immediate replenishment order and review reorder point for this SKU-warehouse pair.,"Avoid an estimated ₹7,066 in at-risk revenue if the stockout materializes as forecast.",This week,"{'stockout_probability': 0.773, 'sku': 'SKU-00047', 'warehouse': 'New Jessica Distribution Center'}"
Inventory Replenishment,SKU-00047 at Lake Mark Distribution Center has a 65% probability of stockout next week (High risk).,"Demand increased 51% (1905 -> 2882 units/week, trailing 4wk vs prior 4wk).; Inventory coverage improved from 0.2 to 1.2 days of supply.; Late deliveries for this product-warehouse rose from 2 to 3 orders over the last 4 weeks.; Stockout-flagged orders increased from 0 to 1 in the same comparison window.",High,Trigger immediate replenishment order and review reorder point for this SKU-warehouse pair.,"Avoid an estimated ₹5,979 in at-risk revenue if the stockout materializes as forecast.",This week,"{'stockout_probability': 0.652, 'sku': 'SKU-00047', 'warehouse': 'Lake Mark Distribution Center'}"
Inventory Replenishment,SKU-00048 at East Jessetown Distribution Center has a 50% probability of stockout next week (High risk).,"Demand increased 50% (1809 -> 2716 units/week, trailing 4wk vs prior 4wk).; Inventory coverage improved from 4.8 to 7.7 days of supply.; Late deliveries for this product-warehouse rose from 0 to 3 orders over the last 4 weeks.; Stockout-flagged orders increased from 0 to 2 in the same comparison window.",High,Trigger immediate replenishment order and review reorder point for this SKU-warehouse pair.,"Avoid an estimated ₹2,045 in at-risk revenue if the stockout materializes as forecast.",This week,"{'stockout_probability': 0.504, 'sku': 'SKU-00048', 'warehouse': 'East Jessetown Distribution Center'}"
Inventory Replenishment,SKU-00048 at Ericmouth Distribution Center has a 54% probability of stockout next week (High risk).,"Demand increased 17% (1614 -> 1890 units/week, trailing 4wk vs prior 4wk).; Inventory coverage improved from 3.9 to 4.7 days of supply.; Late deliveries for this product-warehouse rose from 0 to 1 orders over the last 4 weeks.",High,Trigger immediate replenishment order and review reorder point for this SKU-warehouse pair.,"Avoid an estimated ₹2,209 in at-risk revenue if the stockout materializes as forecast.",This week,"{'stockout_probability': 0.543, 'sku': 'SKU-00048', 'warehouse': 'Ericmouth Distribution Center'}"
Inventory Replenishment,SKU-00048 at Ramirezstad Distribution Center has a 63% probability of stockout next week (High risk).,"Demand increased 40% (1702 -> 2386 units/week, trailing 4wk vs prior 4wk).; Late deliveries for this product-warehouse rose from 0 to 2 orders over the last 4 weeks.; Stockout-flagged orders increased from 0 to 2 in the same comparison window.",High,Trigger immediate replenishment order and review reorder point for this SKU-warehouse pair.,"Avoid an estimated ₹2,618 in at-risk revenue if the stockout materializes as forecast.",This week,"{'stockout_probability': 0.633, 'sku': 'SKU-00048', 'warehouse': 'Ramirezstad Distribution Center'}"
Inventory Replenishment,SKU-00048 at South Noah Distribution Center has a 55% probability of stockout next week (High risk).,"Demand increased 11% (1772 -> 1964 units/week, trailing 4wk vs prior 4wk).",High,Trigger immediate replenishment order and review reorder point for this SKU-warehouse pair.,"Avoid an estimated ₹2,290 in at-risk revenue if the stockout materializes as forecast.",This week,"{'stockout_probability': 0.551, 'sku': 'SKU-00048', 'warehouse': 'South Noah Distribution Center'}"
Inventory Replenishment,SKU-00050 at Herrerafurt Distribution Center has a 57% probability of stockout next week (High risk).,"Demand decreased 30% (2920 -> 2042 units/week, trailing 4wk vs prior 4wk).",High,Trigger immediate replenishment order and review reorder point for this SKU-warehouse pair.,"Avoid an estimated ₹4,950 in at-risk revenue if the stockout materializes as forecast.",This week,"{'stockout_probability': 0.572, 'sku': 'SKU-00050', 'warehouse': 'Herrerafurt Distribution Center'}"
Inventory Replenishment,SKU-00051 at New Kellystad Distribution Center has a 52% probability of stockout next week (High risk).,"Demand decreased 14% (206 -> 176 units/week, trailing 4wk vs prior 4wk).",High,Trigger immediate replenishment order and review reorder point for this SKU-warehouse pair.,"Avoid an estimated ₹4,744 in at-risk revenue if the stockout materializes as forecast.",This week,"{'stockout_probability': 0.523, 'sku': 'SKU-00051', 'warehouse': 'New Kellystad Distribution Center'}"
Inventory Replenishment,SKU-00053 at New Roberttown Distribution Center has a 58% probability of stockout next week (High risk).,Inventory coverage improved from 5.1 to 6.3 days of supply.; Late deliveries for this product-warehouse rose from 1 to 2 orders over the last 4 weeks.; Stockout-flagged orders increased from 0 to 1 in the same comparison window.,High,Trigger immediate replenishment order and review reorder point for this SKU-warehouse pair.,Avoid an estimated ₹104 in at-risk revenue if the stockout materializes as forecast.,This week,"{'stockout_probability': 0.583, 'sku': 'SKU-00053', 'warehouse': 'New Roberttown Distribution Center'}"
Inventory Replenishment,SKU-00053 at Lake Roberto Distribution Center has a 53% probability of stockout next week (High risk).,"Demand decreased 36% (2533 -> 1609 units/week, trailing 4wk vs prior 4wk).; Stockout-flagged orders increased from 0 to 1 in the same comparison window.",High,Trigger immediate replenishment order and review reorder point for this SKU-warehouse pair.,Avoid an estimated ₹93 in at-risk revenue if the stockout materializes as forecast.,This week,"{'stockout_probability': 0.529, 'sku': 'SKU-00053', 'warehouse': 'Lake Roberto Distribution Center'}"
Inventory Replenishment,SKU-00053 at Ericmouth Distribution Center has a 67% probability of stockout next week (High risk).,Inventory coverage improved from 6.2 to 7.1 days of supply.; Stockout-flagged orders increased from 0 to 1 in the same comparison window.,High,Trigger immediate replenishment order and review reorder point for this SKU-warehouse pair.,Avoid an estimated ₹118 in at-risk revenue if the stockout materializes as forecast.,This week,"{'stockout_probability': 0.666, 'sku': 'SKU-00053', 'warehouse': 'Ericmouth Distribution Center'}"
Inventory Replenishment,SKU-00053 at Lake Chad Distribution Center has a 66% probability of stockout next week (High risk).,"Demand decreased 31% (3037 -> 2082 units/week, trailing 4wk vs prior 4wk).; Inventory coverage improved from 2.3 to 9.3 days of supply.",High,Trigger immediate replenishment order and review reorder point for this SKU-warehouse pair.,Avoid an estimated ₹118 in at-risk revenue if the stockout materializes as forecast.,This week,"{'stockout_probability': 0.66, 'sku': 'SKU-00053', 'warehouse': 'Lake Chad Distribution Center'}"
Inventory Replenishment,SKU-00053 at Jacquelineland Distribution Center has a 72% probability of stockout next week (High risk).,"Demand decreased 37% (3125 -> 1978 units/week, trailing 4wk vs prior 4wk).",High,Trigger immediate replenishment order and review reorder point for this SKU-warehouse pair.,Avoid an estimated ₹129 in at-risk revenue if the stockout materializes as forecast.,This week,"{'stockout_probability': 0.725, 'sku': 'SKU-00053', 'warehouse': 'Jacquelineland Distribution Center'}"
Inventory Replenishment,SKU-00053 at New Jessica Distribution Center has a 68% probability of stockout next week (High risk).,"Demand increased 128% (1457 -> 3319 units/week, trailing 4wk vs prior 4wk).; Late deliveries for this product-warehouse rose from 2 to 11 orders over the last 4 weeks.; Stockout-flagged orders increased from 0 to 6 in the same comparison window.",High,Trigger immediate replenishment order and review reorder point for this SKU-warehouse pair.,Avoid an estimated ₹122 in at-risk revenue if the stockout materializes as forecast.,This week,"{'stockout_probability': 0.679, 'sku': 'SKU-00053', 'warehouse': 'New Jessica Distribution Center'}"
Inventory Replenishment,SKU-00054 at New Kellystad Distribution Center has a 66% probability of stockout next week (High risk).,"Demand increased 33% (946 -> 1263 units/week, trailing 4wk vs prior 4wk).; Inventory coverage declined from 4.1 to 0.0 days of supply.; Stockout-flagged orders increased from 0 to 1 in the same comparison window.",High,Trigger immediate replenishment order and review reorder point for this SKU-warehouse pair.,Avoid an estimated ₹180 in at-risk revenue if the stockout materializes as forecast.,This week,"{'stockout_probability': 0.664, 'sku': 'SKU-00054', 'warehouse': 'New Kellystad Distribution Center'}"
Inventory Replenishment,SKU-00055 at South Noah Distribution Center has a 56% probability of stockout next week (High risk).,"Demand decreased 20% (2233 -> 1777 units/week, trailing 4wk vs prior 4wk).; Late deliveries for this product-warehouse rose from 3 to 4 orders over the last 4 weeks.",High,Trigger immediate replenishment order and review reorder point for this SKU-warehouse pair.,"Avoid an estimated ₹2,618 in at-risk revenue if the stockout materializes as forecast.",This week,"{'stockout_probability': 0.558, 'sku': 'SKU-00055', 'warehouse': 'South Noah Distribution Center'}"
Inventory Replenishment,SKU-00057 at Port Keith Distribution Center has a 62% probability of stockout next week (High risk).,Inventory coverage improved from 16.2 to 18.3 days of supply.; Late deliveries for this product-warehouse rose from 1 to 2 orders over the last 4 weeks.,High,Trigger immediate replenishment order and review reorder point for this SKU-warehouse pair.,"Avoid an estimated ₹2,867 in at-risk revenue if the stockout materializes as forecast.",This week,"{'stockout_probability': 0.616, 'sku': 'SKU-00057', 'warehouse': 'Port Keith Distribution Center'}"
Inventory Replenishment,SKU-00057 at Port Jesseville Distribution Center has a 55% probability of stockout next week (High risk).,"Demand increased 14% (666 -> 762 units/week, trailing 4wk vs prior 4wk).; Late deliveries for this product-warehouse rose from 2 to 3 orders over the last 4 weeks.",High,Trigger immediate replenishment order and review reorder point for this SKU-warehouse pair.,"Avoid an estimated ₹2,589 in at-risk revenue if the stockout materializes as forecast.",This week,"{'stockout_probability': 0.551, 'sku': 'SKU-00057', 'warehouse': 'Port Jesseville Distribution Center'}"
Inventory Replenishment,SKU-00058 at North Judithbury Distribution Center has a 65% probability of stockout next week (High risk).,"Demand increased 38% (2374 -> 3276 units/week, trailing 4wk vs prior 4wk).; Late deliveries for this product-warehouse rose from 3 to 7 orders over the last 4 weeks.; Stockout-flagged orders increased from 1 to 2 in the same comparison window.",High,Trigger immediate replenishment order and review reorder point for this SKU-warehouse pair.,Avoid an estimated ₹566 in at-risk revenue if the stockout materializes as forecast.,This week,"{'stockout_probability': 0.65, 'sku': 'SKU-00058', 'warehouse': 'North Judithbury Distribution Center'}"
Inventory Replenishment,SKU-00058 at Lake Debra Distribution Center has a 65% probability of stockout next week (High risk).,"Demand increased 38% (940 -> 1300 units/week, trailing 4wk vs prior 4wk).; Inventory coverage improved from 2.9 to 4.2 days of supply.; Late deliveries for this product-warehouse rose from 0 to 2 orders over the last 4 weeks.",High,Trigger immediate replenishment order and review reorder point for this SKU-warehouse pair.,Avoid an estimated ₹583 in at-risk revenue if the stockout materializes as forecast.,This week,"{'stockout_probability': 0.654, 'sku': 'SKU-00058', 'warehouse': 'Lake Debra Distribution Center'}"
Inventory Replenishment,SKU-00058 at Robinsonshire Distribution Center has a 55% probability of stockout next week (High risk).,"Demand decreased 22% (1447 -> 1122 units/week, trailing 4wk vs prior 4wk).",High,Trigger immediate replenishment order and review reorder point for this SKU-warehouse pair.,Avoid an estimated ₹495 in at-risk revenue if the stockout materializes as forecast.,This week,"{'stockout_probability': 0.552, 'sku': 'SKU-00058', 'warehouse': 'Robinsonshire Distribution Center'}"
Inventory Replenishment,SKU-00058 at New Jessica Distribution Center has a 56% probability of stockout next week (High risk).,"No material week-over-week deviation found in demand, inventory coverage, or delivery reliability for this product-warehouse in the most recent comparison window.",High,Trigger immediate replenishment order and review reorder point for this SKU-warehouse pair.,Avoid an estimated ₹495 in at-risk revenue if the stockout materializes as forecast.,This week,"{'stockout_probability': 0.564, 'sku': 'SKU-00058', 'warehouse': 'New Jessica Distribution Center'}"
Inventory Replenishment,SKU-00061 at Jacquelineland Distribution Center has a 55% probability of stockout next week (High risk).,"Demand decreased 21% (140 -> 111 units/week, trailing 4wk vs prior 4wk).",High,Trigger immediate replenishment order and review reorder point for this SKU-warehouse pair.,Avoid an estimated ₹193 in at-risk revenue if the stockout materializes as forecast.,This week,"{'stockout_probability': 0.551, 'sku': 'SKU-00061', 'warehouse': 'Jacquelineland Distribution Center'}"
Inventory Replenishment,SKU-00062 at New Jessica Distribution Center has a 58% probability of stockout next week (High risk).,"Demand increased 55% (1270 -> 1969 units/week, trailing 4wk vs prior 4wk).; Late deliveries for this product-warehouse rose from 3 to 5 orders over the last 4 weeks.",High,Trigger immediate replenishment order and review reorder point for this SKU-warehouse pair.,Avoid an estimated ₹311 in at-risk revenue if the stockout materializes as forecast.,This week,"{'stockout_probability': 0.579, 'sku': 'SKU-00062', 'warehouse': 'New Jessica Distribution Center'}"
Inventory Replenishment,SKU-00063 at North Judithbury Distribution Center has a 70% probability of stockout next week (High risk).,"Demand increased 16% (1265 -> 1468 units/week, trailing 4wk vs prior 4wk).; Inventory coverage declined from 15.3 to 5.4 days of supply.",High,Trigger immediate replenishment order and review reorder point for this SKU-warehouse pair.,"Avoid an estimated ₹1,115 in at-risk revenue if the stockout materializes as forecast.",This week,"{'stockout_probability': 0.705, 'sku': 'SKU-00063', 'warehouse': 'North Judithbury Distribution Center'}"
Inventory Replenishment,SKU-00063 at East Jessetown Distribution Center has a 75% probability of stockout next week (High risk).,Late deliveries for this product-warehouse rose from 1 to 2 orders over the last 4 weeks.,High,Trigger immediate replenishment order and review reorder point for this SKU-warehouse pair.,"Avoid an estimated ₹1,179 in at-risk revenue if the stockout materializes as forecast.",This week,"{'stockout_probability': 0.747, 'sku': 'SKU-00063', 'warehouse': 'East Jessetown Distribution Center'}"
Inventory Replenishment,SKU-00063 at Lisatown Distribution Center has a 56% probability of stockout next week (High risk).,"No material week-over-week deviation found in demand, inventory coverage, or delivery reliability for this product-warehouse in the most recent comparison window.",High,Trigger immediate replenishment order and review reorder point for this SKU-warehouse pair.,Avoid an estimated ₹892 in at-risk revenue if the stockout materializes as forecast.,This week,"{'stockout_probability': 0.564, 'sku': 'SKU-00063', 'warehouse': 'Lisatown Distribution Center'}"
Inventory Replenishment,SKU-00063 at Jacquelineland Distribution Center has a 68% probability of stockout next week (High risk).,"Demand increased 17% (1221 -> 1430 units/week, trailing 4wk vs prior 4wk).",High,Trigger immediate replenishment order and review reorder point for this SKU-warehouse pair.,"Avoid an estimated ₹1,083 in at-risk revenue if the stockout materializes as forecast.",This week,"{'stockout_probability': 0.676, 'sku': 'SKU-00063', 'warehouse': 'Jacquelineland Distribution Center'}"
Inventory Replenishment,SKU-00070 at North Noahstad Distribution Center has a 53% probability of stockout next week (High risk).,"Demand increased 34% (438 -> 586 units/week, trailing 4wk vs prior 4wk).; Inventory coverage declined from 0.4 to 0.2 days of supply.",High,Trigger immediate replenishment order and review reorder point for this SKU-warehouse pair.,Avoid an estimated ₹922 in at-risk revenue if the stockout materializes as forecast.,This week,"{'stockout_probability': 0.534, 'sku': 'SKU-00070', 'warehouse': 'North Noahstad Distribution Center'}"
Inventory Replenishment,SKU-00071 at East Jill Distribution Center has a 54% probability of stockout next week (High risk).,"Demand increased 70% (330 -> 559 units/week, trailing 4wk vs prior 4wk).; Stockout-flagged orders increased from 0 to 1 in the same comparison window.",High,Trigger immediate replenishment order and review reorder point for this SKU-warehouse pair.,Avoid an estimated ₹565 in at-risk revenue if the stockout materializes as forecast.,This week,"{'stockout_probability': 0.535, 'sku': 'SKU-00071', 'warehouse': 'East Jill Distribution Center'}"
Inventory Replenishment,SKU-00071 at Robinsonshire Distribution Center has a 54% probability of stockout next week (High risk).,"Demand decreased 48% (414 -> 216 units/week, trailing 4wk vs prior 4wk).; Inventory coverage declined from 13.8 to 9.1 days of supply.; Late deliveries for this product-warehouse rose from 1 to 2 orders over the last 4 weeks.",High,Trigger immediate replenishment order and review reorder point for this SKU-warehouse pair.,Avoid an estimated ₹565 in at-risk revenue if the stockout materializes as forecast.,This week,"{'stockout_probability': 0.538, 'sku': 'SKU-00071', 'warehouse': 'Robinsonshire Distribution Center'}"
Inventory Replenishment,SKU-00072 at Lake Debra Distribution Center has a 52% probability of stockout next week (High risk).,"Demand increased 40% (400 -> 559 units/week, trailing 4wk vs prior 4wk).",High,Trigger immediate replenishment order and review reorder point for this SKU-warehouse pair.,"Avoid an estimated ₹3,074 in at-risk revenue if the stockout materializes as forecast.",This week,"{'stockout_probability': 0.523, 'sku': 'SKU-00072', 'warehouse': 'Lake Debra Distribution Center'}"
Inventory Replenishment,SKU-00073 at New Jessica Distribution Center has a 53% probability of stockout next week (High risk).,"Demand increased 75% (670 -> 1172 units/week, trailing 4wk vs prior 4wk).; Late deliveries for this product-warehouse rose from 1 to 2 orders over the last 4 weeks.",High,Trigger immediate replenishment order and review reorder point for this SKU-warehouse pair.,"Avoid an estimated ₹1,398 in at-risk revenue if the stockout materializes as forecast.",This week,"{'stockout_probability': 0.534, 'sku': 'SKU-00073', 'warehouse': 'New Jessica Distribution Center'}"
Inventory Replenishment,SKU-00074 at East Jill Distribution Center has a 79% probability of stockout next week (High risk).,"Demand increased 25% (3802 -> 4771 units/week, trailing 4wk vs prior 4wk).",High,Trigger immediate replenishment order and review reorder point for this SKU-warehouse pair.,"Avoid an estimated ₹1,302 in at-risk revenue if the stockout materializes as forecast.",This week,"{'stockout_probability': 0.786, 'sku': 'SKU-00074', 'warehouse': 'East Jill Distribution Center'}"
Inventory Replenishment,SKU-00074 at New Roberttown Distribution Center has a 50% probability of stockout next week (High risk).,"Demand decreased 17% (1286 -> 1070 units/week, trailing 4wk vs prior 4wk).",High,Trigger immediate replenishment order and review reorder point for this SKU-warehouse pair.,Avoid an estimated ₹835 in at-risk revenue if the stockout materializes as forecast.,This week,"{'stockout_probability': 0.505, 'sku': 'SKU-00074', 'warehouse': 'New Roberttown Distribution Center'}"
Inventory Replenishment,SKU-00074 at East Jessetown Distribution Center has a 72% probability of stockout next week (High risk).,"Demand increased 39% (3354 -> 4657 units/week, trailing 4wk vs prior 4wk).; Late deliveries for this product-warehouse rose from 8 to 9 orders over the last 4 weeks.; Stockout-flagged orders increased from 1 to 2 in the same comparison window.",High,Trigger immediate replenishment order and review reorder point for this SKU-warehouse pair.,"Avoid an estimated ₹1,202 in at-risk revenue if the stockout materializes as forecast.",This week,"{'stockout_probability': 0.72, 'sku': 'SKU-00074', 'warehouse': 'East Jessetown Distribution Center'}"
Inventory Replenishment,SKU-00074 at Robinsonshire Distribution Center has a 73% probability of stockout next week (High risk).,"No material week-over-week deviation found in demand, inventory coverage, or delivery reliability for this product-warehouse in the most recent comparison window.",High,Trigger immediate replenishment order and review reorder point for this SKU-warehouse pair.,"Avoid an estimated ₹1,235 in at-risk revenue if the stockout materializes as forecast.",This week,"{'stockout_probability': 0.731, 'sku': 'SKU-00074', 'warehouse': 'Robinsonshire Distribution Center'}"
Inventory Replenishment,SKU-00074 at Cassandraton Distribution Center has a 71% probability of stockout next week (High risk).,"Demand increased 34% (2876 -> 3861 units/week, trailing 4wk vs prior 4wk).; Late deliveries for this product-warehouse rose from 5 to 6 orders over the last 4 weeks.",High,Trigger immediate replenishment order and review reorder point for this SKU-warehouse pair.,"Avoid an estimated ₹1,168 in at-risk revenue if the stockout materializes as forecast.",This week,"{'stockout_probability': 0.706, 'sku': 'SKU-00074', 'warehouse': 'Cassandraton Distribution Center'}"
Inventory Replenishment,SKU-00074 at Lake Mark Distribution Center has a 57% probability of stockout next week (High risk).,"Demand decreased 28% (6238 -> 4464 units/week, trailing 4wk vs prior 4wk).",High,Trigger immediate replenishment order and review reorder point for this SKU-warehouse pair.,Avoid an estimated ₹935 in at-risk revenue if the stockout materializes as forecast.,This week,"{'stockout_probability': 0.567, 'sku': 'SKU-00074', 'warehouse': 'Lake Mark Distribution Center'}"
Inventory Replenishment,SKU-00075 at East Jessetown Distribution Center has a 58% probability of stockout next week (High risk).,"Demand increased 73% (1215 -> 2096 units/week, trailing 4wk vs prior 4wk).; Inventory coverage declined from 14.2 to 4.7 days of supply.; Late deliveries for this product-warehouse rose from 3 to 4 orders over the last 4 weeks.",High,Trigger immediate replenishment order and review reorder point for this SKU-warehouse pair.,"Avoid an estimated ₹1,330 in at-risk revenue if the stockout materializes as forecast.",This week,"{'stockout_probability': 0.58, 'sku': 'SKU-00075', 'warehouse': 'East Jessetown Distribution Center'}"
Inventory Replenishment,SKU-00075 at North Noahstad Distribution Center has a 63% probability of stockout next week (High risk).,"Demand increased 42% (1268 -> 1805 units/week, trailing 4wk vs prior 4wk).; Late deliveries for this product-warehouse rose from 1 to 7 orders over the last 4 weeks.; Stockout-flagged orders increased from 1 to 2 in the same comparison window.",High,Trigger immediate replenishment order and review reorder point for this SKU-warehouse pair.,"Avoid an estimated ₹1,421 in at-risk revenue if the stockout materializes as forecast.",This week,"{'stockout_probability': 0.626, 'sku': 'SKU-00075', 'warehouse': 'North Noahstad Distribution Center'}"
Inventory Replenishment,SKU-00075 at Jacquelineland Distribution Center has a 56% probability of stockout next week (High risk).,"Demand increased 74% (925 -> 1608 units/week, trailing 4wk vs prior 4wk).; Inventory coverage declined from 9.6 to 7.2 days of supply.; Late deliveries for this product-warehouse rose from 0 to 3 orders over the last 4 weeks.; Stockout-flagged orders increased from 0 to 1 in the same comparison window.",High,Trigger immediate replenishment order and review reorder point for this SKU-warehouse pair.,"Avoid an estimated ₹1,284 in at-risk revenue if the stockout materializes as forecast.",This week,"{'stockout_probability': 0.555, 'sku': 'SKU-00075', 'warehouse': 'Jacquelineland Distribution Center'}"
Inventory Replenishment,SKU-00075 at South Noah Distribution Center has a 59% probability of stockout next week (High risk).,"No material week-over-week deviation found in demand, inventory coverage, or delivery reliability for this product-warehouse in the most recent comparison window.",High,Trigger immediate replenishment order and review reorder point for this SKU-warehouse pair.,"Avoid an estimated ₹1,376 in at-risk revenue if the stockout materializes as forecast.",This week,"{'stockout_probability': 0.591, 'sku': 'SKU-00075', 'warehouse': 'South Noah Distribution Center'}"
Inventory Replenishment,SKU-00076 at Herrerafurt Distribution Center has a 61% probability of stockout next week (High risk).,"No material week-over-week deviation found in demand, inventory coverage, or delivery reliability for this product-warehouse in the most recent comparison window.",High,Trigger immediate replenishment order and review reorder point for this SKU-warehouse pair.,Avoid an estimated ₹660 in at-risk revenue if the stockout materializes as forecast.,This week,"{'stockout_probability': 0.611, 'sku': 'SKU-00076', 'warehouse': 'Herrerafurt Distribution Center'}"
Inventory Replenishment,SKU-00077 at Lake Debra Distribution Center has a 51% probability of stockout next week (High risk).,"Demand decreased 12% (350 -> 309 units/week, trailing 4wk vs prior 4wk).; Stockout-flagged orders increased from 0 to 1 in the same comparison window.",High,Trigger immediate replenishment order and review reorder point for this SKU-warehouse pair.,Avoid an estimated ₹630 in at-risk revenue if the stockout materializes as forecast.,This week,"{'stockout_probability': 0.506, 'sku': 'SKU-00077', 'warehouse': 'Lake Debra Distribution Center'}"
Inventory Replenishment,SKU-00078 at Ericmouth Distribution Center has a 61% probability of stockout next week (High risk).,"Demand increased 28% (1072 -> 1378 units/week, trailing 4wk vs prior 4wk).",High,Trigger immediate replenishment order and review reorder point for this SKU-warehouse pair.,"Avoid an estimated ₹2,948 in at-risk revenue if the stockout materializes as forecast.",This week,"{'stockout_probability': 0.606, 'sku': 'SKU-00078', 'warehouse': 'Ericmouth Distribution Center'}"
Inventory Replenishment,SKU-00078 at Ramirezstad Distribution Center has a 74% probability of stockout next week (High risk).,"Demand decreased 52% (3780 -> 1812 units/week, trailing 4wk vs prior 4wk).; Inventory coverage improved from 0.7 to 3.8 days of supply.",High,Trigger immediate replenishment order and review reorder point for this SKU-warehouse pair.,"Avoid an estimated ₹3,636 in at-risk revenue if the stockout materializes as forecast.",This week,"{'stockout_probability': 0.739, 'sku': 'SKU-00078', 'warehouse': 'Ramirezstad Distribution Center'}"
Inventory Replenishment,SKU-00079 at North Judithbury Distribution Center has a 72% probability of stockout next week (High risk).,"Demand increased 21% (1124 -> 1361 units/week, trailing 4wk vs prior 4wk).; Late deliveries for this product-warehouse rose from 1 to 2 orders over the last 4 weeks.; Stockout-flagged orders increased from 0 to 1 in the same comparison window.",High,Trigger immediate replenishment order and review reorder point for this SKU-warehouse pair.,"Avoid an estimated ₹1,687 in at-risk revenue if the stockout materializes as forecast.",This week,"{'stockout_probability': 0.719, 'sku': 'SKU-00079', 'warehouse': 'North Judithbury Distribution Center'}"
Inventory Replenishment,SKU-00083 at Ericmouth Distribution Center has a 73% probability of stockout next week (High risk).,"Demand increased 81% (1837 -> 3317 units/week, trailing 4wk vs prior 4wk).; Late deliveries for this product-warehouse rose from 0 to 2 orders over the last 4 weeks.",High,Trigger immediate replenishment order and review reorder point for this SKU-warehouse pair.,Avoid an estimated ₹496 in at-risk revenue if the stockout materializes as forecast.,This week,"{'stockout_probability': 0.729, 'sku': 'SKU-00083', 'warehouse': 'Ericmouth Distribution Center'}"
Inventory Replenishment,SKU-00085 at North Judithbury Distribution Center has a 65% probability of stockout next week (High risk).,"Demand increased 18% (1004 -> 1187 units/week, trailing 4wk vs prior 4wk).",High,Trigger immediate replenishment order and review reorder point for this SKU-warehouse pair.,Avoid an estimated ₹905 in at-risk revenue if the stockout materializes as forecast.,This week,"{'stockout_probability': 0.652, 'sku': 'SKU-00085', 'warehouse': 'North Judithbury Distribution Center'}"
Inventory Replenishment,SKU-00085 at East Jessetown Distribution Center has a 51% probability of stockout next week (High risk).,"Demand increased 25% (796 -> 993 units/week, trailing 4wk vs prior 4wk).; Inventory coverage declined from 2.2 to 0.0 days of supply.; Late deliveries for this product-warehouse rose from 1 to 3 orders over the last 4 weeks.",High,Trigger immediate replenishment order and review reorder point for this SKU-warehouse pair.,Avoid an estimated ₹686 in at-risk revenue if the stockout materializes as forecast.,This week,"{'stockout_probability': 0.506, 'sku': 'SKU-00085', 'warehouse': 'East Jessetown Distribution Center'}"
Inventory Replenishment,SKU-00085 at Jacquelineland Distribution Center has a 50% probability of stockout next week (High risk).,"Demand decreased 17% (954 -> 796 units/week, trailing 4wk vs prior 4wk).",High,Trigger immediate replenishment order and review reorder point for this SKU-warehouse pair.,Avoid an estimated ₹686 in at-risk revenue if the stockout materializes as forecast.,This week,"{'stockout_probability': 0.503, 'sku': 'SKU-00085', 'warehouse': 'Jacquelineland Distribution Center'}"
Inventory Replenishment,SKU-00086 at New Jessica Distribution Center has a 53% probability of stockout next week (High risk).,"Demand increased 42% (1580 -> 2248 units/week, trailing 4wk vs prior 4wk).; Late deliveries for this product-warehouse rose from 0 to 1 orders over the last 4 weeks.",High,Trigger immediate replenishment order and review reorder point for this SKU-warehouse pair.,"Avoid an estimated ₹2,807 in at-risk revenue if the stockout materializes as forecast.",This week,"{'stockout_probability': 0.53, 'sku': 'SKU-00086', 'warehouse': 'New Jessica Distribution Center'}"
Inventory Replenishment,SKU-00087 at Lake Chad Distribution Center has a 59% probability of stockout next week (High risk).,"Demand decreased 19% (3422 -> 2775 units/week, trailing 4wk vs prior 4wk).; Inventory coverage declined from 5.3 to 2.3 days of supply.; Late deliveries for this product-warehouse rose from 7 to 8 orders over the last 4 weeks.; Stockout-flagged orders increased from 0 to 1 in the same comparison window.",High,Trigger immediate replenishment order and review reorder point for this SKU-warehouse pair.,"Avoid an estimated ₹3,920 in at-risk revenue if the stockout materializes as forecast.",This week,"{'stockout_probability': 0.588, 'sku': 'SKU-00087', 'warehouse': 'Lake Chad Distribution Center'}"
Inventory Replenishment,SKU-00087 at South Noah Distribution Center has a 53% probability of stockout next week (High risk).,"Demand increased 46% (2025 -> 2954 units/week, trailing 4wk vs prior 4wk).; Inventory coverage declined from 4.2 to 3.4 days of supply.; Late deliveries for this product-warehouse rose from 2 to 7 orders over the last 4 weeks.; Stockout-flagged orders increased from 0 to 1 in the same comparison window.",High,Trigger immediate replenishment order and review reorder point for this SKU-warehouse pair.,"Avoid an estimated ₹3,515 in at-risk revenue if the stockout materializes as forecast.",This week,"{'stockout_probability': 0.529, 'sku': 'SKU-00087', 'warehouse': 'South Noah Distribution Center'}"
Inventory Replenishment,SKU-00087 at Lake Mark Distribution Center has a 69% probability of stockout next week (High risk).,"Demand decreased 17% (1850 -> 1538 units/week, trailing 4wk vs prior 4wk).",High,Trigger immediate replenishment order and review reorder point for this SKU-warehouse pair.,"Avoid an estimated ₹4,731 in at-risk revenue if the stockout materializes as forecast.",This week,"{'stockout_probability': 0.691, 'sku': 'SKU-00087', 'warehouse': 'Lake Mark Distribution Center'}"
Inventory Replenishment,SKU-00089 at Jacquelineland Distribution Center has a 52% probability of stockout next week (High risk).,"No material week-over-week deviation found in demand, inventory coverage, or delivery reliability for this product-warehouse in the most recent comparison window.",High,Trigger immediate replenishment order and review reorder point for this SKU-warehouse pair.,"Avoid an estimated ₹1,720 in at-risk revenue if the stockout materializes as forecast.",This week,"{'stockout_probability': 0.515, 'sku': 'SKU-00089', 'warehouse': 'Jacquelineland Distribution Center'}"
Inventory Replenishment,SKU-00091 at South Noah Distribution Center has a 52% probability of stockout next week (High risk).,"No material week-over-week deviation found in demand, inventory coverage, or delivery reliability for this product-warehouse in the most recent comparison window.",High,Trigger immediate replenishment order and review reorder point for this SKU-warehouse pair.,"Avoid an estimated ₹1,043 in at-risk revenue if the stockout materializes as forecast.",This week,"{'stockout_probability': 0.524, 'sku': 'SKU-00091', 'warehouse': 'South Noah Distribution Center'}"
Inventory Replenishment,SKU-00092 at East Jill Distribution Center has a 66% probability of stockout next week (High risk).,"Demand increased 88% (1580 -> 2969 units/week, trailing 4wk vs prior 4wk).; Late deliveries for this product-warehouse rose from 4 to 7 orders over the last 4 weeks.; Stockout-flagged orders increased from 0 to 3 in the same comparison window.",High,Trigger immediate replenishment order and review reorder point for this SKU-warehouse pair.,"Avoid an estimated ₹2,303 in at-risk revenue if the stockout materializes as forecast.",This week,"{'stockout_probability': 0.66, 'sku': 'SKU-00092', 'warehouse': 'East Jill Distribution Center'}"
Inventory Replenishment,SKU-00092 at Cassandraton Distribution Center has a 53% probability of stockout next week (High risk).,"Demand decreased 17% (1794 -> 1486 units/week, trailing 4wk vs prior 4wk).; Inventory coverage declined from 8.7 to 5.7 days of supply.; Stockout-flagged orders increased from 0 to 1 in the same comparison window.",High,Trigger immediate replenishment order and review reorder point for this SKU-warehouse pair.,"Avoid an estimated ₹1,815 in at-risk revenue if the stockout materializes as forecast.",This week,"{'stockout_probability': 0.528, 'sku': 'SKU-00092', 'warehouse': 'Cassandraton Distribution Center'}"
Inventory Replenishment,SKU-00095 at Jacquelineland Distribution Center has a 70% probability of stockout next week (High risk).,"Demand increased 16% (823 -> 956 units/week, trailing 4wk vs prior 4wk).; Inventory coverage improved from 2.4 to 9.5 days of supply.",High,Trigger immediate replenishment order and review reorder point for this SKU-warehouse pair.,"Avoid an estimated ₹1,279 in at-risk revenue if the stockout materializes as forecast.",This week,"{'stockout_probability': 0.701, 'sku': 'SKU-00095', 'warehouse': 'Jacquelineland Distribution Center'}"
Inventory Replenishment,SKU-00096 at Herrerafurt Distribution Center has a 51% probability of stockout next week (High risk).,"Demand decreased 10% (1680 -> 1510 units/week, trailing 4wk vs prior 4wk).; Stockout-flagged orders increased from 0 to 1 in the same comparison window.",High,Trigger immediate replenishment order and review reorder point for this SKU-warehouse pair.,Avoid an estimated ₹728 in at-risk revenue if the stockout materializes as forecast.,This week,"{'stockout_probability': 0.509, 'sku': 'SKU-00096', 'warehouse': 'Herrerafurt Distribution Center'}"
Inventory Replenishment,SKU-00097 at East Jessetown Distribution Center has a 61% probability of stockout next week (High risk).,Late deliveries for this product-warehouse rose from 2 to 3 orders over the last 4 weeks.; Stockout-flagged orders increased from 0 to 1 in the same comparison window.,High,Trigger immediate replenishment order and review reorder point for this SKU-warehouse pair.,"Avoid an estimated ₹4,167 in at-risk revenue if the stockout materializes as forecast.",This week,"{'stockout_probability': 0.608, 'sku': 'SKU-00097', 'warehouse': 'East Jessetown Distribution Center'}"
Inventory Replenishment,SKU-00097 at Lake Chad Distribution Center has a 70% probability of stockout next week (High risk).,"Demand increased 25% (294 -> 368 units/week, trailing 4wk vs prior 4wk).; Stockout-flagged orders increased from 0 to 1 in the same comparison window.",High,Trigger immediate replenishment order and review reorder point for this SKU-warehouse pair.,"Avoid an estimated ₹4,861 in at-risk revenue if the stockout materializes as forecast.",This week,"{'stockout_probability': 0.7, 'sku': 'SKU-00097', 'warehouse': 'Lake Chad Distribution Center'}"
Inventory Replenishment,SKU-00099 at North Judithbury Distribution Center has a 53% probability of stockout next week (High risk).,"Demand increased 29% (1625 -> 2100 units/week, trailing 4wk vs prior 4wk).; Inventory coverage improved from 2.0 to 8.1 days of supply.; Late deliveries for this product-warehouse rose from 3 to 5 orders over the last 4 weeks.; Stockout-flagged orders increased from 1 to 2 in the same comparison window.",High,Trigger immediate replenishment order and review reorder point for this SKU-warehouse pair.,Avoid an estimated ₹240 in at-risk revenue if the stockout materializes as forecast.,This week,"{'stockout_probability': 0.526, 'sku': 'SKU-00099', 'warehouse': 'North Judithbury Distribution Center'}"
Inventory Replenishment,SKU-00099 at East Jill Distribution Center has a 61% probability of stockout next week (High risk).,Late deliveries for this product-warehouse rose from 1 to 4 orders over the last 4 weeks.; Stockout-flagged orders increased from 0 to 1 in the same comparison window.,High,Trigger immediate replenishment order and review reorder point for this SKU-warehouse pair.,Avoid an estimated ₹286 in at-risk revenue if the stockout materializes as forecast.,This week,"{'stockout_probability': 0.612, 'sku': 'SKU-00099', 'warehouse': 'East Jill Distribution Center'}"
Inventory Replenishment,SKU-00099 at Robinsonshire Distribution Center has a 54% probability of stockout next week (High risk).,Late deliveries for this product-warehouse rose from 1 to 2 orders over the last 4 weeks.; Stockout-flagged orders increased from 0 to 1 in the same comparison window.,High,Trigger immediate replenishment order and review reorder point for this SKU-warehouse pair.,Avoid an estimated ₹249 in at-risk revenue if the stockout materializes as forecast.,This week,"{'stockout_probability': 0.54, 'sku': 'SKU-00099', 'warehouse': 'Robinsonshire Distribution Center'}"
Inventory Replenishment,SKU-00099 at Ericmouth Distribution Center has a 68% probability of stockout next week (High risk).,"Demand decreased 33% (1785 -> 1205 units/week, trailing 4wk vs prior 4wk).",High,Trigger immediate replenishment order and review reorder point for this SKU-warehouse pair.,Avoid an estimated ₹314 in at-risk revenue if the stockout materializes as forecast.,This week,"{'stockout_probability': 0.682, 'sku': 'SKU-00099', 'warehouse': 'Ericmouth Distribution Center'}"
Inventory Replenishment,SKU-00099 at Herrerafurt Distribution Center has a 75% probability of stockout next week (High risk).,Late deliveries for this product-warehouse rose from 0 to 4 orders over the last 4 weeks.; Stockout-flagged orders increased from 0 to 1 in the same comparison window.,High,Trigger immediate replenishment order and review reorder point for this SKU-warehouse pair.,Avoid an estimated ₹351 in at-risk revenue if the stockout materializes as forecast.,This week,"{'stockout_probability': 0.75, 'sku': 'SKU-00099', 'warehouse': 'Herrerafurt Distribution Center'}"
Inventory Replenishment,SKU-00099 at Jacquelineland Distribution Center has a 61% probability of stockout next week (High risk).,Inventory coverage declined from 4.1 to 1.0 days of supply.; Late deliveries for this product-warehouse rose from 1 to 3 orders over the last 4 weeks.; Stockout-flagged orders increased from 0 to 1 in the same comparison window.,High,Trigger immediate replenishment order and review reorder point for this SKU-warehouse pair.,Avoid an estimated ₹277 in at-risk revenue if the stockout materializes as forecast.,This week,"{'stockout_probability': 0.606, 'sku': 'SKU-00099', 'warehouse': 'Jacquelineland Distribution Center'}"
Inventory Replenishment,SKU-00104 at Herrerafurt Distribution Center has a 52% probability of stockout next week (High risk).,"Demand decreased 21% (221 -> 175 units/week, trailing 4wk vs prior 4wk).",High,Trigger immediate replenishment order and review reorder point for this SKU-warehouse pair.,"Avoid an estimated ₹1,005 in at-risk revenue if the stockout materializes as forecast.",This week,"{'stockout_probability': 0.519, 'sku': 'SKU-00104', 'warehouse': 'Herrerafurt Distribution Center'}"
Inventory Replenishment,SKU-00108 at Port Keith Distribution Center has a 62% probability of stockout next week (High risk).,"Demand decreased 22% (147 -> 114 units/week, trailing 4wk vs prior 4wk).",High,Trigger immediate replenishment order and review reorder point for this SKU-warehouse pair.,"Avoid an estimated ₹2,047 in at-risk revenue if the stockout materializes as forecast.",This week,"{'stockout_probability': 0.624, 'sku': 'SKU-00108', 'warehouse': 'Port Keith Distribution Center'}"
Inventory Replenishment,SKU-00109 at Herrerafurt Distribution Center has a 60% probability of stockout next week (High risk).,"Demand increased 83% (1189 -> 2176 units/week, trailing 4wk vs prior 4wk).; Late deliveries for this product-warehouse rose from 2 to 8 orders over the last 4 weeks.; Stockout-flagged orders increased from 0 to 3 in the same comparison window.",High,Trigger immediate replenishment order and review reorder point for this SKU-warehouse pair.,Avoid an estimated ₹950 in at-risk revenue if the stockout materializes as forecast.,This week,"{'stockout_probability': 0.597, 'sku': 'SKU-00109', 'warehouse': 'Herrerafurt Distribution Center'}"
Inventory Replenishment,SKU-00111 at Lake Mark Distribution Center has a 58% probability of stockout next week (High risk).,"Demand increased 36% (2159 -> 2936 units/week, trailing 4wk vs prior 4wk).; Stockout-flagged orders increased from 0 to 1 in the same comparison window.",High,Trigger immediate replenishment order and review reorder point for this SKU-warehouse pair.,"Avoid an estimated ₹1,379 in at-risk revenue if the stockout materializes as forecast.",This week,"{'stockout_probability': 0.579, 'sku': 'SKU-00111', 'warehouse': 'Lake Mark Distribution Center'}"
Inventory Replenishment,SKU-00112 at Herrerafurt Distribution Center has a 53% probability of stockout next week (High risk).,"Demand decreased 53% (2658 -> 1254 units/week, trailing 4wk vs prior 4wk).",High,Trigger immediate replenishment order and review reorder point for this SKU-warehouse pair.,Avoid an estimated ₹817 in at-risk revenue if the stockout materializes as forecast.,This week,"{'stockout_probability': 0.529, 'sku': 'SKU-00112', 'warehouse': 'Herrerafurt Distribution Center'}"
Inventory Replenishment,SKU-00112 at Jacquelineland Distribution Center has a 56% probability of stockout next week (High risk).,"Demand decreased 14% (1384 -> 1194 units/week, trailing 4wk vs prior 4wk).",High,Trigger immediate replenishment order and review reorder point for this SKU-warehouse pair.,Avoid an estimated ₹880 in at-risk revenue if the stockout materializes as forecast.,This week,"{'stockout_probability': 0.557, 'sku': 'SKU-00112', 'warehouse': 'Jacquelineland Distribution Center'}"
Inventory Replenishment,SKU-00114 at East Jill Distribution Center has a 52% probability of stockout next week (High risk).,"No material week-over-week deviation found in demand, inventory coverage, or delivery reliability for this product-warehouse in the most recent comparison window.",High,Trigger immediate replenishment order and review reorder point for this SKU-warehouse pair.,"Avoid an estimated ₹2,161 in at-risk revenue if the stockout materializes as forecast.",This week,"{'stockout_probability': 0.517, 'sku': 'SKU-00114', 'warehouse': 'East Jill Distribution Center'}"
Inventory Replenishment,SKU-00115 at North Noahstad Distribution Center has a 61% probability of stockout next week (High risk).,Inventory coverage declined from 10.0 to 7.5 days of supply.,High,Trigger immediate replenishment order and review reorder point for this SKU-warehouse pair.,"Avoid an estimated ₹11,785 in at-risk revenue if the stockout materializes as forecast.",This week,"{'stockout_probability': 0.609, 'sku': 'SKU-00115', 'warehouse': 'North Noahstad Distribution Center'}"
Inventory Replenishment,SKU-00116 at Lake Chad Distribution Center has a 56% probability of stockout next week (High risk).,"Demand increased 13% (804 -> 909 units/week, trailing 4wk vs prior 4wk).; Stockout-flagged orders increased from 0 to 1 in the same comparison window.",High,Trigger immediate replenishment order and review reorder point for this SKU-warehouse pair.,"Avoid an estimated ₹2,307 in at-risk revenue if the stockout materializes as forecast.",This week,"{'stockout_probability': 0.557, 'sku': 'SKU-00116', 'warehouse': 'Lake Chad Distribution Center'}"
Inventory Replenishment,SKU-00116 at Port Keith Distribution Center has a 51% probability of stockout next week (High risk).,"No material week-over-week deviation found in demand, inventory coverage, or delivery reliability for this product-warehouse in the most recent comparison window.",High,Trigger immediate replenishment order and review reorder point for this SKU-warehouse pair.,"Avoid an estimated ₹2,060 in at-risk revenue if the stockout materializes as forecast.",This week,"{'stockout_probability': 0.506, 'sku': 'SKU-00116', 'warehouse': 'Port Keith Distribution Center'}"
Inventory Replenishment,SKU-00116 at Ramirezstad Distribution Center has a 63% probability of stockout next week (High risk).,"Demand increased 27% (849 -> 1075 units/week, trailing 4wk vs prior 4wk).; Inventory coverage declined from 15.3 to 11.5 days of supply.; Late deliveries for this product-warehouse rose from 2 to 4 orders over the last 4 weeks.; Stockout-flagged orders increased from 0 to 1 in the same comparison window.",High,Trigger immediate replenishment order and review reorder point for this SKU-warehouse pair.,"Avoid an estimated ₹2,636 in at-risk revenue if the stockout materializes as forecast.",This week,"{'stockout_probability': 0.631, 'sku': 'SKU-00116', 'warehouse': 'Ramirezstad Distribution Center'}"
Inventory Replenishment,SKU-00116 at West Michael Distribution Center has a 58% probability of stockout next week (High risk).,"Demand increased 64% (611 -> 1000 units/week, trailing 4wk vs prior 4wk).; Late deliveries for this product-warehouse rose from 1 to 2 orders over the last 4 weeks.; Stockout-flagged orders increased from 0 to 1 in the same comparison window.",High,Trigger immediate replenishment order and review reorder point for this SKU-warehouse pair.,"Avoid an estimated ₹2,389 in at-risk revenue if the stockout materializes as forecast.",This week,"{'stockout_probability': 0.576, 'sku': 'SKU-00116', 'warehouse': 'West Michael Distribution Center'}"
Inventory Replenishment,SKU-00116 at New Jessica Distribution Center has a 74% probability of stockout next week (High risk).,"Demand increased 18% (1120 -> 1318 units/week, trailing 4wk vs prior 4wk).; Late deliveries for this product-warehouse rose from 1 to 5 orders over the last 4 weeks.; Stockout-flagged orders increased from 0 to 1 in the same comparison window.",High,Trigger immediate replenishment order and review reorder point for this SKU-warehouse pair.,"Avoid an estimated ₹3,048 in at-risk revenue if the stockout materializes as forecast.",This week,"{'stockout_probability': 0.74, 'sku': 'SKU-00116', 'warehouse': 'New Jessica Distribution Center'}"
Supplier Review,"Brown, James and Ferrell has a risk score of 55.8/100 (High).",Average lead time increased from 8.5 to 9.8 days (+15%).,High,Schedule a supplier performance review meeting and request a corrective action plan.,Reduces downstream stockout and late-delivery risk for all SKUs sourced from this supplier.,This month,"{'risk_score': 55.8, 'supplier_name': 'Brown, James and Ferrell'}"
Supplier Review,"Lynch, Hernandez and Farmer has a risk score of 58.1/100 (High).",No material change in this supplier's OTIF or lead time over the recent comparison window.,High,Schedule a supplier performance review meeting and request a corrective action plan.,Reduces downstream stockout and late-delivery risk for all SKUs sourced from this supplier.,This month,"{'risk_score': 58.1, 'supplier_name': 'Lynch, Hernandez and Farmer'}"
Supplier Review,Walker LLC has a risk score of 56.8/100 (High).,No material change in this supplier's OTIF or lead time over the recent comparison window.,High,Schedule a supplier performance review meeting and request a corrective action plan.,Reduces downstream stockout and late-delivery risk for all SKUs sourced from this supplier.,This month,"{'risk_score': 56.8, 'supplier_name': 'Walker LLC'}"
Supplier Review,Nunez Ltd has a risk score of 58.5/100 (High).,No material change in this supplier's OTIF or lead time over the recent comparison window.,High,Schedule a supplier performance review meeting and request a corrective action plan.,Reduces downstream stockout and late-delivery risk for all SKUs sourced from this supplier.,This month,"{'risk_score': 58.5, 'supplier_name': 'Nunez Ltd'}"
Supplier Review,Martin Inc has a risk score of 56.6/100 (High).,No material change in this supplier's OTIF or lead time over the recent comparison window.,High,Schedule a supplier performance review meeting and request a corrective action plan.,Reduces downstream stockout and late-delivery risk for all SKUs sourced from this supplier.,This month,"{'risk_score': 56.6, 'supplier_name': 'Martin Inc'}"
Supplier Review,"Wheeler, Harvey and Barnes has a risk score of 62.8/100 (High).","OTIF deteriorated 20% (53.8% -> 43.0%, trailing 2mo vs prior 2mo).",High,Schedule a supplier performance review meeting and request a corrective action plan.,Reduces downstream stockout and late-delivery risk for all SKUs sourced from this supplier.,This month,"{'risk_score': 62.8, 'supplier_name': 'Wheeler, Harvey and Barnes'}"
Supplier Review,Allen-Foster has a risk score of 58.7/100 (High).,"OTIF deteriorated 30% (60.4% -> 42.2%, trailing 2mo vs prior 2mo).; Average lead time increased from 13.3 to 14.6 days (+9%).",High,Schedule a supplier performance review meeting and request a corrective action plan.,Reduces downstream stockout and late-delivery risk for all SKUs sourced from this supplier.,This month,"{'risk_score': 58.7, 'supplier_name': 'Allen-Foster'}"
Inventory Reallocation,SKU-00046 at Lake Chad Distribution Center is carrying 22 days of supply (well above the network median).,"Average inventory on hand: 500 units, tying up ~₹7,229 in working capital.",Medium,Evaluate reallocating excess stock to higher-demand warehouses or reducing next reorder quantity.,"Potential to free up ~₹1,590/year in holding costs.",This month,"{'avg_days_of_supply': 21.6, 'sku': 'SKU-00046'}"
Inventory Reallocation,SKU-00029 at North Noahstad Distribution Center is carrying 21 days of supply (well above the network median).,"Average inventory on hand: 1702 units, tying up ~₹58,563 in working capital.",Medium,Evaluate reallocating excess stock to higher-demand warehouses or reducing next reorder quantity.,"Potential to free up ~₹12,884/year in holding costs.",This month,"{'avg_days_of_supply': 20.9, 'sku': 'SKU-00029'}"
Inventory Reallocation,SKU-00036 at Lake Chad Distribution Center is carrying 19 days of supply (well above the network median).,"Average inventory on hand: 622 units, tying up ~₹17,567 in working capital.",Medium,Evaluate reallocating excess stock to higher-demand warehouses or reducing next reorder quantity.,"Potential to free up ~₹3,865/year in holding costs.",This month,"{'avg_days_of_supply': 18.6, 'sku': 'SKU-00036'}"
Inventory Reallocation,SKU-00104 at Ericmouth Distribution Center is carrying 18 days of supply (well above the network median).,"Average inventory on hand: 507 units, tying up ~₹12,957 in working capital.",Medium,Evaluate reallocating excess stock to higher-demand warehouses or reducing next reorder quantity.,"Potential to free up ~₹2,851/year in holding costs.",This month,"{'avg_days_of_supply': 18.5, 'sku': 'SKU-00104'}"
Inventory Reallocation,SKU-00036 at Herrerafurt Distribution Center is carrying 18 days of supply (well above the network median).,"Average inventory on hand: 645 units, tying up ~₹18,235 in working capital.",Medium,Evaluate reallocating excess stock to higher-demand warehouses or reducing next reorder quantity.,"Potential to free up ~₹4,012/year in holding costs.",This month,"{'avg_days_of_supply': 18.2, 'sku': 'SKU-00036'}"
Inventory Reallocation,SKU-00104 at Cassandraton Distribution Center is carrying 18 days of supply (well above the network median).,"Average inventory on hand: 568 units, tying up ~₹14,531 in working capital.",Medium,Evaluate reallocating excess stock to higher-demand warehouses or reducing next reorder quantity.,"Potential to free up ~₹3,197/year in holding costs.",This month,"{'avg_days_of_supply': 18.2, 'sku': 'SKU-00104'}"
Inventory Reallocation,SKU-00072 at East Jill Distribution Center is carrying 18 days of supply (well above the network median).,"Average inventory on hand: 2326 units, tying up ~₹175,029 in working capital.",Medium,Evaluate reallocating excess stock to higher-demand warehouses or reducing next reorder quantity.,"Potential to free up ~₹38,506/year in holding costs.",This month,"{'avg_days_of_supply': 17.8, 'sku': 'SKU-00072'}"
Inventory Reallocation,SKU-00104 at Jacquelineland Distribution Center is carrying 17 days of supply (well above the network median).,"Average inventory on hand: 465 units, tying up ~₹11,900 in working capital.",Medium,Evaluate reallocating excess stock to higher-demand warehouses or reducing next reorder quantity.,"Potential to free up ~₹2,618/year in holding costs.",This month,"{'avg_days_of_supply': 17.3, 'sku': 'SKU-00104'}"
Inventory Reallocation,SKU-00102 at Robinsonshire Distribution Center is carrying 17 days of supply (well above the network median).,"Average inventory on hand: 726 units, tying up ~₹31,283 in working capital.",Medium,Evaluate reallocating excess stock to higher-demand warehouses or reducing next reorder quantity.,"Potential to free up ~₹6,882/year in holding costs.",This month,"{'avg_days_of_supply': 17.2, 'sku': 'SKU-00102'}"
Inventory Reallocation,SKU-00104 at Lake Roberto Distribution Center is carrying 17 days of supply (well above the network median).,"Average inventory on hand: 390 units, tying up ~₹9,980 in working capital.",Medium,Evaluate reallocating excess stock to higher-demand warehouses or reducing next reorder quantity.,"Potential to free up ~₹2,196/year in holding costs.",This month,"{'avg_days_of_supply': 17.1, 'sku': 'SKU-00104'}"
